﻿<?xml version="1.0" encoding="utf-8" standalone="no" ?>
<modDesc descVersion="92">
    <author>Agrar_Deniz, Giants</author>
	
    <version>1.0.0.0</version>
	
    <title>
        <en>EmptyMap</en>
        <de>Leere Karte</de>
    </title>
	
    <description>
        <en><![CDATA[EmptyMap]]></en>
        <de><![CDATA[Leere Karte]]></de>
    </description>
	
    <iconFilename>icon.png</iconFilename>
	
    <multiplayer supported="true"/>


<!--								MAP INFORMATION 																				-->	
    <maps>
        <map id="SampleModMap" configFilename="mapUS/mapUS.xml" defaultHandToolsXMLFilename="$data/handTools/hands.xml" defaultVehiclesXMLFilename="mapUS/config/vehicles.xml" defaultPlaceablesXMLFilename="mapUS/config/placeables.xml" defaultItemsXMLFilename="mapUS/config/items.xml">
            <title>
                <en>EmptyMap</en>
                <de>Leere Karte</de>
            </title>
            <description>
                <en>EmptyMap</en>
                <de>Leere Karte</de>
            </description>
            <iconFilename>preview.png</iconFilename>
        </map>
    </maps>
	

	
</modDesc>
	
