<?xml version="1.0" encoding="utf-8" standalone="no"?>
<modDesc descVersion="92" xmlns:xsi="http://www.w3.org/2001/XMLSchema-instance" xsi:noNamespaceSchemaLocation="https://validation.gdn.giants-software.com/xml/fs25/modDesc.xsd">
    <author>GIANTS Software</author>
    <version>1.0.0.0</version>
    <title>
        <en>Generated in MAPS4FS</en>
    </title>

    <description>
<en><![CDATA[
Category: Maps
]]></en>
<de><![CDATA[
Shopkategorie: Maps
]]></de>
    </description>

            <iconFilename>preview.png</iconFilename>

    <multiplayer supported="true"/>
    <maps>
        <map id="MAPS4S" configFilename="map/map.xml" defaultVehiclesXMLFilename="map/config/vehicles.xml" defaultPlaceablesXMLFilename="map/config/placeables.xml" defaultHandToolsXMLFilename="map/config/handTools.xml" defaultItemsXMLFilename="map/config/items.xml">
            <title>
                <en>Generated in MAPS4FS</en>
            </title>
            <description>
                <en>Visit the software repo: github.com/iwatkot/maps4fs</en>
            </description>
            <iconFilename>preview.png</iconFilename>
        </map>
    </maps>
	
	

    <!--storeItems>
        <storeItem xmlFilename="dc401.xml"/>
    </storeItems-->
</modDesc>