﻿<?xml version="1.0" encoding="utf-8" standalone="no" ?>
<map>
    <npcs>
        <npc name="NPC_ALPINE_01" title="Patrick Zimmerli"      imageFilename="$dataS/character/humans/npc/portraits/npc_41.png" />
        <npc name="NPC_ALPINE_02" title="Maria Zumbrunn"        imageFilename="$dataS/character/humans/npc/portraits/npc_42.png" />
        <npc name="NPC_ALPINE_03" title="Fritz Kaltbach"        imageFilename="$dataS/character/humans/npc/portraits/npc_43.png" />
        <npc name="NPC_ALPINE_04" title="Samuel Egger"          imageFilename="$dataS/character/humans/npc/portraits/npc_44.png" />
        <npc name="NPC_ALPINE_05" title="Jakob Fischer"         imageFilename="$dataS/character/humans/npc/portraits/npc_45.png" />
        <npc name="NPC_ALPINE_06" title="Heidi Meierhofer"      imageFilename="$dataS/character/humans/npc/portraits/npc_46.png" />
        <npc name="NPC_ALPINE_07" title="Max Wachter"           imageFilename="$dataS/character/humans/npc/portraits/npc_47.png" />
        <npc name="NPC_ALPINE_08" title="Joël Morgenegg"        imageFilename="$dataS/character/humans/npc/portraits/npc_48.png" />
        <npc name="NPC_ALPINE_09" title="Hansueli Trachsler"    imageFilename="$dataS/character/humans/npc/portraits/npc_49.png" />
        <npc name="NPC_ALPINE_10" title="Emilia Lambert"        imageFilename="$dataS/character/humans/npc/portraits/npc_50.png" />
        <npc name="NPC_ALPINE_11" title="Sandra Steiner"        imageFilename="$dataS/character/humans/npc/portraits/npc_51.png" />
        <npc name="NPC_ALPINE_12" title="Nils Osterwalder"      imageFilename="$dataS/character/humans/npc/portraits/npc_52.png" />
        <npc name="NPC_ALPINE_13" title="Sandro Abegglen"       imageFilename="$dataS/character/humans/npc/portraits/npc_53.png" />
        <npc name="NPC_ALPINE_14" title="Ruedi Gähwiler"        imageFilename="$dataS/character/humans/npc/portraits/npc_54.png" />
        <npc name="NPC_ALPINE_15" title="Franziska Hugentobler" imageFilename="$dataS/character/humans/npc/portraits/npc_55.png" />
    </npcs>
</map>
