<?xml version="1.0" encoding="UTF-8" ?>

<storeItems>
    <storeItem xmlFilename="$data/placeables/mapAlpine/trainSystem/trainSystem.xml" />
    <storeItem xmlFilename="$data/placeables/mapAlpine/sellingStationWoodTrain/sellingStationWoodTrain.xml" />
    <storeItem xmlFilename="$data/placeables/mapAlpine/trainSystem/sellingStationTrain.xml" />

    <storeItem xmlFilename="$data/vehicles/train/locomotive01/locomotive01.xml" />
    <storeItem xmlFilename="$data/vehicles/train/wagonGrain/wagonGrain.xml" />
    <storeItem xmlFilename="$data/vehicles/train/wagonWoodChips/wagonWoodChips.xml" />
    <storeItem xmlFilename="$data/vehicles/train/wagonTimber/wagonTimber.xml" />
    <storeItem xmlFilename="$data/vehicles/train/wagonSugarbeets/wagonSugarbeets.xml" />
    <storeItem xmlFilename="$data/vehicles/train/wagonVehicles/wagonVehicles.xml" />

    <storeItem xmlFilename="$data/placeables/mapAlpine/gasStation/gasStationEast.xml" />
    <storeItem xmlFilename="$data/placeables/mapAlpine/gasStation/gasStationTown.xml" />

    <storeItem xmlFilename="$data/placeables/mapAlpine/grainSiloRailroad01/grainSiloRailroad01.xml" />
    <storeItem xmlFilename="$data/placeables/mapAlpine/grainSiloRailroad02/grainSiloRailroad02.xml" />

    <storeItem xmlFilename="$data/placeables/mapAlpine/sellingStationWood/sellingStationWood.xml" />

    <storeItem xmlFilename="$data/placeables/mapAlpine/sellingStationWool/sellingStationWool.xml" />

    <storeItem xmlFilename="$data/placeables/mapAlpine/sellingStationBales/sellingStationBales.xml" />

    <storeItem xmlFilename="$data/placeables/mapAlpine/cheeseFactory/cheeseFactory.xml" />
    <storeItem xmlFilename="$data/placeables/mapAlpine/chocolateFactory/chocolateFactory.xml" />
    <storeItem xmlFilename="$data/placeables/mapAlpine/sellingStations/sellingStationMill01.xml" />
    <storeItem xmlFilename="$data/placeables/mapAlpine/sellingStations/sellingStationTownStore.xml" />

    <storeItem xmlFilename="$data/placeables/mapAlpine/sellingStationVehicles/sellingStationVehicles.xml" />

    <storeItem xmlFilename="$data/placeables/mapAlpine/farmBuildings/farmPreplaced.xml" />
    <storeItem xmlFilename="$data/placeables/mapAlpine/farmBuildings/farmHouse/farmHouse.xml" />
    <storeItem xmlFilename="$data/placeables/mapAlpine/farmBuildings/farmGarage/farmGarage.xml" />

    <storeItem xmlFilename="$data/placeables/mapAlpine/weighingStation/weighingStation.xml" />

    <storeItem xmlFilename="$data/placeables/mapAlpine/bga/alpsBGA.xml" />

<!-- PLANTS -->
    <storeItem xmlFilename="$data/foliage/meadow/meadowBrush.xml" />

    <storeItem xmlFilename="$data/foliage/decoFoliage/decoFoliageDLC_daisy.xml" />
    <storeItem xmlFilename="$data/foliage/decoFoliage/decoFoliageDLC_daisyYellow.xml" />
    <storeItem xmlFilename="$data/foliage/decoFoliage/decoFoliageDLC_blueBell.xml" />
    <storeItem xmlFilename="$data/foliage/decoFoliage/decoFoliageDLC_edelweiss.xml" />

    <storeItem xmlFilename="$data/foliage/decoBush/decoBush_small.xml" />
    <storeItem xmlFilename="$data/foliage/decoBush/decoBush_medium.xml" />
    <storeItem xmlFilename="$data/foliage/decoBush/decoBush_big.xml" />
    <storeItem xmlFilename="$data/foliage/decoBush/decoBush_superBig.xml" />

<!-- TREES -->
    <storeItem xmlFilename="$data/maps/trees/birch/birch_stage01.xml" />
    <storeItem xmlFilename="$data/maps/trees/birch/birch_stage02.xml" />
    <storeItem xmlFilename="$data/maps/trees/birch/birch_stage03.xml" />
    <storeItem xmlFilename="$data/maps/trees/birch/birch_stage04.xml" />
    <storeItem xmlFilename="$data/maps/trees/birch/birch_stage05.xml" />
    <storeItem xmlFilename="$data/maps/trees/oak/oak_stage01.xml" />
    <storeItem xmlFilename="$data/maps/trees/oak/oak_stage02.xml" />
    <storeItem xmlFilename="$data/maps/trees/oak/oak_stage03.xml" />
    <storeItem xmlFilename="$data/maps/trees/poplar/poplar_stage01.xml" />
    <storeItem xmlFilename="$data/maps/trees/poplar/poplar_stage02.xml" />
    <storeItem xmlFilename="$data/maps/trees/poplar/poplar_stage03.xml" />
    <storeItem xmlFilename="$data/maps/trees/willow/willow_type01.xml" />
    <storeItem xmlFilename="$data/maps/trees/willow/willow_type02.xml" />
    <storeItem xmlFilename="$data/maps/trees/pine/pine_stage01.xml" />
    <storeItem xmlFilename="$data/maps/trees/pine/pine_stage02.xml" />
    <storeItem xmlFilename="$data/maps/trees/pine/pine_stage03.xml" />
    <storeItem xmlFilename="$data/maps/trees/pine/pine_stage04.xml" />
    <storeItem xmlFilename="$data/maps/trees/pine/pine_stage05.xml" />
    <storeItem xmlFilename="$data/maps/trees/pine/pine_stage06.xml" />
    <storeItem xmlFilename="$data/maps/trees/spruce/spruceVar2_stage01.xml" />
    <storeItem xmlFilename="$data/maps/trees/spruce/spruceVar1_stage01.xml" />
    <storeItem xmlFilename="$data/maps/trees/spruce/spruceVar2_stage02.xml" />
    <storeItem xmlFilename="$data/maps/trees/spruce/spruceVar1_stage02.xml" />
    <storeItem xmlFilename="$data/maps/trees/spruce/spruceVar2_stage03.xml" />
    <storeItem xmlFilename="$data/maps/trees/spruce/spruceVar1_stage03.xml" />

</storeItems>
