<?xml version="1.0" encoding="UTF-8" ?>
<colorGrading shadowsMaxLuminance = "0.04" highlightsMinLuminance = "0.85">
<global>
    <saturation rgb="1 1 1" scale="0.925"/>
    <contrast rgb="1 1 1" scale="1.15"/>
    <gamma rgb="1 1 1" scale="1"/>
    <gain rgb="1 1 1" scale="1.025"/>
</global>
<shadows>
    <saturation rgb="1 1 1" scale="1"/>
    <contrast rgb="1 1 1" scale="1.1"/>
    <gamma rgb="1 1 1.025" scale="1.25"/>
    <gain rgb="1.05 1.05 1.05" scale="1.12"/>
</shadows>
<midtones>
    <saturation rgb="1 1 1" scale="1"/>
    <contrast rgb="1 1 1" scale="1"/>
    <gamma rgb="1 1 1" scale="1"/>
    <gain rgb="1 1 1" scale="1.012"/>
</midtones>
<highlights>
    <saturation rgb="1 1 1" scale="1"/>
    <contrast rgb="1 1 1" scale="1"/>
    <gamma rgb="1 1 1" scale="1"/>
    <gain rgb="1 1 1" scale="1.04"/>
</highlights>
</colorGrading>
